SUBSTANCE,CSCN,CSA SCH,NARC,OTHER NAMES
"(1-(4-Fluorobenzyl)-1H-indol-3-yl) (2,2,3,3- tetramethylcyclopropyl)methanone",7014,1,N,"FUB-144"
"[3,2-c]-Furazan-5a-androstan-17ẞ-ol",4000,,N,""
"[3,2-c]Pyrazole-androst-4-en-17ẞ-ol",4000,,N,"III"
"1-(1,3-benzodioxol-5-yl)-2-(dimethylamino)pentan-1-one",7552,1,N,"Dipentylone; N,N-Dimethylpentylone"
"1-(1-Phenylcyclohexyl)pyrrolidine",7458,1,N,"PCPY, PHP, rolicyclidine"
"1-(2-Phenylethyl)-4-phenyl-4-acetoxypiperidine",9663,1,Y,"PEPAP, synthetic heroin"
"1-(5-Fluoropentyl)-N-(2-phenylpropan-2-yl)-1H-indazole- 3-carboxamide",7083,1,N,"5F-CUMYL-PINACA; SGT-25"
"1-[1-(2-Thienyl)cyclohexyl]piperidine",7470,1,N,"TCP, tenocyclidine"
"1-1-[(2-Thienyl)cyclohexyl]pyrrolidine",7473,,N,"TCPy"
"13B-Ethyl-178-hydroxygon-4-en-3-one",4000,,N,""
"17a-Methyl-3a, 17ẞ-dihydroxy-5a-androstane",4000,,N,""
"17a-Methyl3ẞ-, 17ẞ-dihydroxy-5a-androstane",4000,,N,""
"17a-Methyl33,17ẞ--dihydroxyandrost-4-ene",4000,,N,""
"17a-methyl-4-hydroxynandrolone (17a-methyl-4- hydroxy-17ẞ-hydroxyestr-4-en-3-one)",4000,,N,""
"17a-Methyl-5a-androstan-17ẞ-ol",4000,,N,"III"
"17a-Methyl-androst-2-ene-3,17ẞdiol-",4000,,N,""
"17aMethyl--androsta-1,4-diene-3,173diol-",4000,,N,""
"17a-Methyl-androstan-3-hydroxyimine-17ẞ-ol",4000,,N,""
"17a-Methyl-A1-dihydrotestosterone (17ẞ-hydroxy-17а- methyl-5a-androst-1-en-3-one)",4000,,N,"17a-methyl-1-testosterone"
"17ẞ-Hydroxy-androstano [2,3-d]isoxazole",4000,,N,""
"17ẞ-Hydroxy-androstano[3,2-c]isoxazole",4000,,N,""
"18a-Homo-3-hydroxy-estra-2,5(10)-dien-17-one",4000,,N,""
"19-Nor-4,9(10)-androstadienedione (estra-4,9(10)- diene-3,17-dione)",4000,,N,""
"19-Nor-4-androstenediol (3a, 17ẞ-dihydroxyestr-4-ene)",4000,,N,""
"19-Nor-4-androstenediol (3ẞ, 17ẞ-dihydroxyestr-4-ene)",4000,,N,""
"19-Nor-4-androstenedione (estr-4-en-3,17-dione)",4000,,N,""
"19-Nor-5-androstenediol (3a, 17ẞ-dihydroxyestr-5-ene)",4000,,N,""
"19-Nor-5-androstenediol (33,17ẞ-dihydroxyestr-5-ene)",4000,,N,""
"19-Nor-5-androstenedione (estr-5-en-3,17-dione)",4000,,N,""
"1-androstenediol (3a, 17ẞ-dihydroxy-5a-androst-1-ene)",4000,,N,""
"1-Androstenediol (33,17ẞ-dihydroxy-50-androst-1-ene)",4000,III,N,""
"1-Androstenedione (5a-androst-1-en-3,17-dione)",4000,III,N,""
"1-Methyl-4-phenyl-4-propionoxypiperidine",9661,1,Y,"MPPP, synthetic heroin"
"1-Phenylcyclohexylamine",7460,II,N,"PCP precursor"
"1-Piperidinocyclohexanecarbonitrile",8603,II,N,"PCC, PCP precursor"
"2-(2-((2,3-Dihydrobenzofuran-5-yl)methyl)-5-nitro-1H- benzimidazol-1-yl)-N,N-diethylethan-1-amine",9770,1,Y,"Ethyleneoxynitazene"
"2-(2-(4-Ethoxybenzyl)-5-methyl-1H-benzimidazol-1-yl)- N,Ndiethylethan--1-amine",9767,,Y,"5-Methyl etodesnitazene"
"2-(2-(4-Ethoxybenzyl)-5-nitro-1H-benzimidazol-1-yl)- N,N-dimethylethan-1-amine",9771,1,Y,"N,N-Dimethylamino etonitazene"
"2-(2-(4-Ethoxybenzyl)-5-nitro-1H-benzimidazol-1-yl)-N- ethylethan-1-amine",9768,1,Y,"N-Desethyl etonitazene"
"2-(2-(Benzodioxol-5-ylmethyl)-5-nitro-1H-benzimidazol- 1-yl)-N,Ndiethylethan--1-amine",9766,1,Y,"Methylenedioxynitazene, 3',4'- Methylenedioxynitazene"
"2-(2,5-Dimethoxy-4-(n)-propylphenyl) ethanamine (2C- P)",7524,,N,"2C-P"
"2-(2,5-Dimethoxy-4-ethylphenyl) ethanamine (2C-E)",7509,1,N,"2C-E (Positional Isomer: 2,5-Dimethoxy-3,4- dimethylphenethylamine (2C-G))"
"2-(2,5-Dimethoxy-4-methylphenyl) ethanamine (2C-D)",7508,1,N,"2C-D"
"2-(2,5-Dimethoxy-4-nitro-phenyl) ethanamine (2C-N)",7521,1,N,"2C-N"
"2-(2,5-Dimethoxyphenyl) ethanamine (2C-H)",7517,,N,"2C-H"
"2-(4bromo--2,5-dimethoxyphenyl)-N-(2-methoxybenzyl) ethanamine (25B-NBOMe)",7536,,N,"25B-NBOMe, 2C-B-NBOMe, 25B, Cimbi-36"
"2-(4-Chloro-2,5dimethoxyphenyl-) ethanamine (2C-C)",7519,,N,"2C-C"
"2-(4-chloro-2,5dimethoxyphenyl-)-N-(2-methoxybenzyl) ethanamine (25C-NBOMe)",7537,,N,"25C-NBOMe, 2C-C-NBOMe, 25C, Cimbi-82"
"2-4(-Ethylthio-2,5-dimethoxyphenyl) ethanamine (2C-T- 2)",7385,,N,"2C-T-2"
"2-(4-iodo-2,5dimethoxyphenyl-) ethanamine (2C-1)",7518,1,N,"2C-I"
"2-(4-iodo-2,5-dimethoxyphenyl)-N-(2-methoxybenzyl) ethanamine (251-NBOMe)",7538,1,N,"251-NBOMe, 2C-I-NBOMe, 251, Cimbi-5"
"2-(4-Isopropoxybenzyl)-5-nitro-1-(2-(pyrrolidin1-- yl)ethyl)-1Hbenzimidazole-",9772,,Y,"N-Pyrrolidino isotonitazene"
"2-(4-Isopropylthio)-2,5-dimethoxyphenyl) ethanamine (2C-T-4)",7532,1,N,"2C-T-4 (Positional Isomer: 2,5-Dimethoxy-4- ethylthioamphetamine (Aleph-2))"
"2-(4-methoxybenzyl)-5-nitro-1-(2-(pyrrolidin-1-yl)ethyl)- 1H-benzimidazole (N-pyrrolidino metonitazene)",9762,,Y,"Metonitazepyne"
"2-(ethylamino)-2-(3-methoxyphenyl) cyclohexan-1-one (methoxetamine)",7286,,N,"MXE, methoxetamine"
"2,5-Dimethoxy-4-(n)-propylthiophenethylamine (2C-T- 7)",7348,,N,"2C-T-7 (Positional Isomer: 2,5-Dimethoxy-4- ethylthioamphetamine (Aleph-2))"
"2,5-Dimethoxy4--ethylamphetamine",7399,,N,"DOET (Positional Isomer: 1-(2,5-dimethoxy-4- methylphenyl)butan-2-amine)"
"2,5-Dimethoxyamphetamine",7396,,N,"DMA, 2,5-DMA"
"2',5'-Dimethoxyfentanyl (N-(1-(2,5- dimethoxyphenethyl)piperidin-4-yl)-N- phenylpropionamide)",9861,,Y,""
"2'-Fluoro ortho-fluorofentanyl (N-(1-(2- fluorophenethyl)piperidin-4-yl)-N-(2- fluorophenyl)propionamide; also known as 2'-fluoro 2- fluorofentanyl)",9855,,Y,""
"2-methoxy-N-(1-phenethylpiperidin-4-yl)-N- phenylacetamide",9825,1,Y,"Methoxyacetyl fentanyl"
"2-methyl AP-237 (1-(2-methyl-4-(3-phenylprop-2-en-1- yl)piperazin-1-yl)butan-1-one)",9664,,Y,""
"2a, 17a-Dimethyl-17ẞ-hydroxy-5ẞ-androstan-3-one",4000,,N,""
"2a, 3a-Epithio17a--methyl-5a-androstan-17ẞ-ol",4000,III,N,""
"3,4,5-Trimethoxyamphetamine",7390,III,N,"TMA (Positional Isomers: 2,4,5-Trimethoxy-amphetamine (TMA-5), 2,4,6-Trimethoxy-amphetamine (TMA-6), Escaline)"
"3,4-Methylenedioxyamphetamine",7400,1,N,"MDA, Love Drug"
"3,4-Methylenedioxymethamphetamine",7405,1,N,"MDMA, Ecstasy, XTC"
"3,4-Methylenedioxy-N-ethylamphetamine",7404,1,N,"Nethyl -MDA, MDE, MDEA (Positional Isomer: MBDB)"
"3-Fluoro-Nmethylcathinone -(3-FMC)",1233,1,N,"1-(3-fluorophenyl)-2-(methylamino)propan-1-one (Positional Isomer: 2-FMC)"
"3-Furanyl fentanyl (N-(1-phenethylpiperidin-4-yl)-N- phenylfuran-3-carboxamide)",9860,1,Y,""
"3Methylfentanyl-",9813,1,Y,"China Whitefentanyl,"
"3-methylmethcathinone (2-(methylamino)-1-(3- methylphenyl)propan-1-one)",1259,1,N,"3MMC-; 3methylmethcathinone-"
"3-Methylthiofentanyl",9833,,Y,"China White, fentanyl"
"3a, 17ẞ-Dihydroxy-5a-androstane",4000,,N,""
"33.173-Dihydroxy-50-androstane",4000,,N,""
"3B-Hydroxy-estra-4,9,11-trien-17-one",4000,,N,""
"4,4'-Dimethylaminorex (4,4'-DMAR; 4,5-dihydro-4- methyl-5-(4-methylphenyl)-2-oxazolamine; 4-methyl-5- (4-methylphenyl)-4,5-dihydro-1,3-oxazol-2-amine)",1595,1,N,""
"4'-methyl-alpha-pyrrolidinohexiophenone (MPHP)",7446,,N,"MPHP: 4'-methyl-alpha-pyrrolidinohexanophenone; 1- (4-methylphenyl)-2-(pyrrolidin-1-yl)hexan-1-one"
"4Androstenediol -(3ẞ,17ẞ-dihydroxy-androst-4-ene)",4000,III,N,""
"4Androstenedione -(androst-4-en-3,17-dione)",4000,,N,"4-AD"
"4Anilino--N-phenethyl-4-piperidine (ANPP)",8333,II,N,"ANPP, Despropionyl fentanyl"
"4-Bromo-2,5dimethoxyamphetamine-",7391,,N,"DOB, 4-bromo-DMA"
"4-Bromo-2,5dimethoxyphenethylamine-",7392,,N,"2C-B, Nexus, has been sold as Ecstasy, i.e. MDMA"
"4-Chloro-17amethyl--17ẞ-hydroxy-androst-4-en-3-one",4000,,N,""
"4-Chloro17a--methyl-17ẞ-hydroxy-androst-4-ene-3,11- dione",4000,III,N,""
"4-Chloro-17a-methyl-androst-4-ene-3ẞ, 17ẞdiol-",4000,,N,""
"4-chloro-17a-methyl-androsta-1,4-diene-3,17ẞdiol-",4000,,N,""
"4'-chloro-alpha-pyrrolidinovalerophenone (4-chloro-α- PVP)",7443,1,N,"4-chloro-a-PVP: 4'-chloro-a- pyrrolidinopentiophenone; 1-(4-chlorophenyl)-2- (pyrrolidin-1-yl)pentan-1-one"
"4-CN-CUMYL-BUTINACA (1-(4-cyanobutyl)-N-(2- phenylpropan-2-yl)-1 H-indazole-3-carboxamide)",7089,,N,"4-cyano-CUMYL-BUTINACA; 4-CN-CUMYL BINACA; CUMYL-4CN-BINACA; SGT-78"
"4-Dihydrotestosterone (17ẞ-hydroxy-androstan-3-one)",4000,,N,"Anabolex, Andractim, Pesomax, Stanolone"
"4-Fluoroisobutyryl fentanyl (N-(4-fluorophenyl)-N-(1- phenethylpiperidin-4-yl)isobutyramide)",9824,1,Y,"Para-fluoroisobutyryl fentanyl"
"4-Fluoro-N-methylcathinone (4-FMC)",1238,,N,"flephedrone; 1-(4-fluorophenyl)-2- (methylamino)propan-1-one (Positional Isomer: 2-FMC)"
"4F-MDMB-BINACA (4F-MDMB-BUTINACA or methyl 2- (1-(4-fluorobutyl)-1H-indazole-3-carboxamido)-3,3- dimethylbutanoate)",7043,,N,""
"4F-MDMB-BUTICA (methyl 2-[[1-(4-fluorobutyl) indole-3- carbonyl]amino]-3,3-dimethyl-butanoate)",7091,1,N,"4F-MDMB-BUTICA; 4F-MDMB-BICA"
"4-Hydroxy-19-nortestosterone (4,17ẞ-dihydroxyestr-4- en-3-one)",4000,,N,""
"4-Hydroxy-androst-4-ene-3,17-dione",4000,,N,"Listed as 4-Hydroxy-androst-4-ene-3, 17-dione [3,2- c pyrazole-5a-androstan-17ẞ-ol"
"4-Hydroxytestosterone (4,17ẞ-dihydroxyandrost-4-en-3- one)",4000,,N,""
"4-Methoxyamphetamine",7411,,N,"PMA"
"4'Methyl -acetyl fentanyl (N-(1-(4- methylphenethyl)piperidin-4-yl)-N-phenylacetamide)",9819,,Y,""
"4-Methyl-2,5dimethoxyamphetamine-",7395,1,N,"DOM, STP (Positional Isomer: 2,5-Dimethoxy-3,4- dimethylphenethylamine (2C-G))"
"4-methyl-alpha-ethylaminopentiophenone (4-MEAP)",7245,,N,"4-MEAP; 2-(ethylamino)-1-(4-methylphenyl)pentan-1- one"
"4-Methyl-alphapyrrolidinopropiophenone (4-MePPP)",7498,,N,"MePPP, 4methyl--a-pyrrolidinopropiophenone, 1-(4- methylphenyl)-2-(pyrrolidin-1-yl)-propan-1-one"
"4-Methylaminorex (cis isomer)",1590,,N,"U4Euh, McN-422"
"4-Methyl-Nethylcathinone -(4-MEC)",1249,,N,"2-(ethylamino)-1-(4-methylphenyl)propan-1-one (Positional Isomers: 3-methylethcathinone (3-MEC), 4-ethylmethcathinone (4-EMC), 4-methylbuphedrone (4-MeMABP;4-MeBP), 3,4- dimethylmethcathinone (3,4-DMMC),N- ethylbuphedrone (NEB), N-ethyl-N- methylcathinone(EMC))"
"5-Androstenediol (38,17ẞ-dihydroxy-androst-5-ene)",4000,III,N,""
"5-Androstenedione (androst-5-en-3,17-dione)",4000,,N,""
"5F-AB-PINACA (N-(1-amino-3-methyl-1-oxobutan-2-yl)- 1-(5-fluoropentyl)-1 H-indazole-3-carboxamide)",7025,1,N,""
"5F-ADB; 5F-MDMB-PINACA (Methyl 2-(1-(5- fluoropentyl)-1H-indazole-3-carboxamido)-3,3- dimethylbutanoate)",7034,1,N,"5F-ADB, 5F-MDMB-PINACA, (Positional isomers: 5F-AEB, 5F-EMB-PINACA)"
"5F-AMB (Methyl 2-(1-(5-fluoropentyl)-1H-indazole-3- carboxamido)-3-methylbutanoate)",7033,1,N,"5F-AMB"
"5F-APINACA, 5F-AKB48 (N-(adamantan-1-yl)-1-(5- fluoropentyl)-1H-indazole-3-carboxamide)",7049,,N,"5F-APINACA, 5F-AKB48"
"5F-CUMYL-P7AICA (1-(5-fluoropentyl)-N-(2- phenylpropan-2-yl)-1 H-pyrrolo[2,3-b]pyridine-3- carboxamide)",7085,,N,""
"5F-EDMB-PICA (ethyl 2-[[1-(5-fluorophentyl)indole-3- carbonyl amino]-3,3-dimethyl-butanoate)",7094,,N,"5F-EDMB-PICA; 5F-EDMB-2201"
"5-Fluoro-UR-144 and XLR11 [1-(5-Fluoro-pentyl)1H- indol-3-yl](2,2,3,3-tetramethylcyclopropyl)methanone",7011,,N,"5-Fluoro-UR-144, XLR-11 and XLR11"
"5F-PB-22 (Quinolin-8-yl 1-(5-fluoropentyl)-1H-indole-3- carboxylate)",7225,1,N,"5-Fluoro-PB-22; 5F-PB-22"
"5-Methoxy-3,4-methylenedioxyamphetamine",7401,1,N,"MMDA"
"5-Methoxy-N,Ndiisopropyltryptamine-",7439,,N,"5-MeO-DIPT (Positional Isomer: 5-Methoxy-N,N- dipropyltryptamine (5-MeO-DPT))"
"5Methoxy--N,Ndimethyltryptamine-",7431,,N,"5-MeO-DMT (Positional Isomer: 4-Methoxy-N,N- dimethyltryptamine (4-MeO-DMT, 4-methoxy-DMT))"
"5-nitro-2-(4-propoxybenzyl)-1-(2-(pyrrolidin-1-yl)ethyl)- 1H-benzimidazole (N-pyrrolidino protonitazene)",9763,,Y,"Protonitazepyne"
"50-Androstan-3,17-dione",4000,,N,"androstanedione"
"5a-Androstan-3,6,17-trione",4000,,N,""
"6-Bromo-androsta-1,4-diene-3,17-dione",4000,III,N,""
"6-Bromo-androstan-3, 17-dione",4000,,N,""
"6a-Methyl-androst-4-ene-3,17-dione",4000,,N,""
"AB-CHMINACA (N-(1-amino-3-methyl-1-oxobutan-2- yl)-1-(cyclohexylmethyl)-1H-indazole-3-carboxamide)",7031,,N,"AB-CHMINACA"
"AB-FUBINACA (N-(1-amino-3-methyl-1-oxobutan-2-yl)- 1-(4-fluorobenzyl)-1H-indazole-3-carboxamide)",7012,,N,"AB-FUBINACA"
"AB-PINACA (N-(1-amino-3-methyl- 1-oxobutan-2-yl)-1-pentyl-1H-indazole- 3-carboxamide)",7023,1,N,"AB-PINACA"
"Acetorphine",9319,,Y,""
"Acetyl Fentanyl (N-(1-phenethylpiperidin-4-yl)-N- phenylacetamide)",9821,1,Y,""
"Acetyl-alpha-methylfentanyl",9815,,Y,""
"Acetyldihydrocodeine",9051,,Y,"Acetylcodone"
"Acetylmethadol",9601,,Y,"Methadyl acetate"
"Acryl fentanyl (N-(1-phenethylpiperidin-4-yl)-N- phenylacrylamide)",9811,1,Y,"Acryloylfentanyl"
"ADB-4en-PINACA (N-(1-amino-3,3-dimethyl-1- oxobutan-2-yl)-1-(pent-4-en-1-yl)-1H-indazole-3- carboxamide)",7092,1,N,"ADB-4en-PINACA"
"ADB-BUTINACA (N-(1-amino-3,3-dimethyl-1-oxobutan- 2-yl)-1-butyl-1H-indazole-3-carboxamide)",7027,1,N,"ADB-BUTINACA"
"ADB-FUBINACA (N-(1-amino-3,3-dimethyl-1-oxobutan- 2-yl)-1-(4-fluorobenzyl)-1H-indazole-3-carboxamide)",7010,1,N,"ADB-FUBINACA"
"ADB-PINACA (N-(1-amino-3,3-dimethyl-1-oxobutan-2- yl)-1-pentyl-1H-indazole-3-carboxamide)",7035,,N,"ADB-PINACA"
"AH-7921 (3,4-dichloro-N-[(1- dimethylamino)cyclohexylmethyl]benzamide))",9551,,Y,"AH-7921"
"Alfaxalone",2731,IV,N,"Alfaxan, 50-pregnan-3a-ol-11,20-dione"
"Alfentanil",9737,,Y,"Alfenta"
"Allylprodine",9602,,Y,""
"Alphacetylmethadol except levo-alphacetylmethadol",9603,1,Y,""
"Alpha-ethyltryptamine",7249,,N,"ET, Trip"
"Alphameprodine",9604,1,Y,""
"Alphamethadol",9605,,Y,""
"alpha'-Methyl butyryl fentanyl (2-methyl-N-(1- phenethylpiperidin-4-yl)-N-phenylbutanamide)",9864,,Y,""
"Alpha-methylfentanyl",9814,1,Y,"China White, fentanyl"
"Alpha-methylthiofentanyl",9832,1,Y,"China White, fentanyl"
"Alpha-methyltryptamine",7432,1,N,"AMT (Positional Isomer: N-Methyltryptamine)"
"Alphaprodine",9010,II,Y,"Nisentil"
"alpha-pyrrolidinobutiophenone (a-PBP)",7546,1,N,"1-phenyl-2-(pyrrolidin-1-yl)butan-1-one"
"alpha-pyrrolidinoheptaphenone (PV8)",7548,1,N,"PV8; 1-phenyl-2-(pyrrolidin-1-yl)heptan-1-one"
"alpha-pyrrolidinohexanophenone (a-PHP)",7544,1,N,"a-PHP; a-pyrrolidinohexanophenone; 1-phenyl-2- (pyrrolidin-1-yl)hexan-1-one"
"alpha-pyrrolidinopentiophenone (a-PVP)",7545,,N,"a-pyrrolidinovalerophenone, 1-phenyl-2-(pyrrolidin-1- yl)pentan-1-one (Positional Isomers: 4-methyl-a- pyrrolidinobutiophenone (4-MePBP), 1-phenyl-2- (piperidin-1-yl)butan-1-one)"
"Alprazolam",2882,IV,N,"Xanax"
"AM2201 (1-(5-Fluoropentyl)-3-(1-naphthoyl) indole)",7201,1,N,"AM2201"
"AM694 -(1-(5-Fluoropentyl)-3-(2-iodobenzoyl) indole)",7694,1,N,"AM-694"
"Amineptine (7-[(10,11-dihydro-5H- dibenzo[a,d]cyclohepten-5-yl)amino]heptanoic acid)",1219,1,N,""
"Aminorex",1585,1,N,"has been sold as methamphetamine"
"Amobarbital",2125,II,N,"Amytal, Tuinal"
"Amobarbital & noncontrolled active ingred.",2126,III,N,""
"Amobarbital suppository dosage form",2126,,N,""
"Amphetamine",1100,II,N,"Dexedrine, Adderall, Obetrol"
"Anabolic steroids",4000,,N,"Any substance meeting the definition of anabolic steroid as set forth in 21 CFR 1300.01"
"Anileridine",9020,II,Y,"Leritine"
"APINACA and AKB48 N-(1-Adamantyl)-1-pentyl-1H- indazole-3-carboxamide",7048,,N,"APINACA and AKB48"
"Aprobarbital",2100,,N,"Alurate"
"Barbital",2145,IV,N,"Veronal, Plexonal, barbitone"
"Barbituric acid derivative",2100,,N,"Barbiturates not specifically listed"
"Benzethidine",9606,1,Y,""
"Benzphetamine",1228,,N,"Didrex, Inapetyl"
"Benzylmorphine",9052,,Y,""
"Betacetylmethadol",9607,,Y,""
"Beta-hydroxy-3-methylfentanyl",9831,,Y,"China White, fentanyl"
"Beta-hydroxyfentanyl",9830,,Y,"China White, fentanyl"
"Beta-hydroxythiofentanyl",9836,,Y,"N-[1-[2-hydroxy-2-(thiophen-2-yl)ethyl]piperidin-4-yl]- N-phenylpropionamide, N-[1-[2-hydroxy-2-(2- thienyl)ethyl]-4-piperidinyl]-N-phenylpropanamide"
"Betameprodine",9608,1,Y,""
"Betamethadol",9609,1,Y,""
"beta-Methyl fentanyl (N-phenyl-N-(1-(2- phenylpropyl)piperidin-4-yl)propionamide; also known as ẞ-methyl fentanyl)",9856,,Y,""
"Beta-methylacetyl fentanyl",9868,,Y,"N-phenyl-N-(1-(2-phenylpropyl)piperidin-4- yl)acetamide"
"beta-Methylacetyl fentanyl (N-phenyl-N-(1-(2- phenylpropyl)piperidin-4-yl)acetamide)",9868,,Y,""
"beta'-Phenyl fentanyl (N-(1-phenethylpiperidin-4-yl)-N,3- diphenylpropanamide; also known as ẞ'-phenyl fentanyl; 3-phenylpropanoyl fentanyl)",9842,1,Y,""
"Betaprodine",9611,1,Y,""
"Bezitramide",9800,,Y,"Burgodin"
"Bolasterone (7a, 17a-dimethyl-17ẞ-hydroxyandrost-4- en-3-one)",4000,,N,""
"Boldenone (17ẞ-hydroxyandrost-1,4-diene-3-one)",4000,,N,"Equipoise, Parenabol, Vebonol, dehydrotestosterone"
"Boldione (androsta-1,4-diene-3,17-dione)",4000,,N,""
"Brexanolone (3a-hydroxy-5a-pregnan-20-one)",2400,IV,N,"Allopregnanolone"
"Brivaracetam",2710,V,N,"BRV, UCB-34714, Briviact, ((2S)-2-[(4R)-2-oxo-4- propylpyrrolidin-1-yl] butanamide)"
"Bromazepam",2748,IV,N,"Lexotan, Lexatin, Lexotanil"
"Brorphine (1-(1-(1-(4-bromophenyl)ethyl)piperidin-4-yl)- 1,3-dihydro-2H-benzo[d]imidazol-2-one)",9098,1,Y,"1-[1-[1-(4-bromophenyl)ethyl]-4-piperidinyl]-1,3- dihydro-2H-benzimidazol-2-one"
"Bufotenine",7433,,N,"Mappine, N,Ndimethylserotonin-"
"Buprenorphine",9064,III,Y,"Buprenex, Temgesic, Subutex, Suboxone"
"Butabarbital (secbutabarbital)",2100,III,N,"Butisol, Butibel"
"Butalbital",2100,III,N,"Fiorinal, Butalbital with aspirin"
"Butobarbital (butethal)",2100,III,N,"Soneryl (UK)"
"(2-(2-(4-butoxybenzyl)-5-nitro-1H- benzimidazol-1-yl)-N,N-diethylethan-1-amine)",9751,1,Y,"Butonitazene"
"Butorphanol",9720,IV,Y,"Stadol, Stadol NS, Torbugesic, Torbutrol"
"Butylone",7541,,N,"bk-MBDB; 1-(1,3-benzodioxol-5-yl)-2- (methylamino)butan-1-one (Positional Isomers: dimethylone (bk-MDDMA; MDDMC), N,dimethylN--3,4- methylenedioxycathinone)"
"Butyryl Fentanyl",9822,1,Y,"N-(1-phenethylpiperidin-4-yl)-N-phenylbutyramide, N- (1-phenethylpiperidin-4-yl)-N-phenylbutanamide"
"Calusterone (73,17a-dimethyl-173-hydroxyandrost-4- en-3-one)",4000,,N,"Methosarb"
"Camazepam",2749,IV,N,"Albego, Limpidon, Paxor"
"Carfentanil",9743,,Y,"Wildnil"
"Carisoprodol",8192,IV,N,"Soma"
"Cathine",1230,IV,N,"Constituent of ""Khat"" plant, (+)-norpseudoephedrine"
"Cathinone",1235,1,N,"Constituent of ""Khat"" plant"
"Cenobamate ([(1R)-1-(2-chlorophenyl)-2-(tetrazol-2- yl)ethyl]carbamate)",2720,V,N,"2H-tetrazole-2ethanol-, alpha-(2-chlorophenyl)-, carbamate (ester), (alphaR)-; carbamic acid (R)-(+)-1- (2-chlorophenyl)-2-(2H-tetrazol-2-yl)ethyl ester)"
"Chloral betaine",2460,IV,N,"Beta Chlor"
"Chloral hydrate",2465,IV,N,"Noctec"
"Chlordiazepoxide",2744,IV,N,"Librium, Libritabs, Limbitrol, SK-Lygen"
"Chlorhexadol",2510,,N,"Mechloral, Mecoral, Medodorm, Chloralodol"
"Chlorphentermine",1645,III,N,"Pre-Sate, Lucofen, Apsedon, Desopimon"
"Clobazam",2751,IV,N,"Urbadan, Urbanyl"
"Clonazepam",2737,IV,N,"Klonopin, Clonopin"
"Clonazolam (6-(2-chlorophenyl)-1-methyl-8-nitro-4H- benzo[f][1,2,4]triazolo [4,3-a][1.4]diazepine)",2786,1,N,""
"Clonitazene",9612,,Y,""
"Clorazepate",2768,IV,N,"Tranxene"
"Clortermine",1647,III,N,"Voranil"
"Clostebol (4-chloro-17ẞ-hydroxyandrost-4-en-3-one)",4000,,N,"Alfa-Trofodermin, Clostene, 4-chlorotestosterone"
"Clotiazepam",2752,IV,N,"Trecalmo, Rize, Clozan, Veratran"
"Cloxazolam",2753,IV,N,"Akton, Lubalix, Olcadil, Sepazon"
"Coca Leaves",9040,,Y,""
"Cocaine",9041,II,Y,"Methyl benzoylecgonine, Crack"
"Codeine",9050,II,Y,"Morphine methyl ester, methyl morphine"
"Codeine & isoquinoline alkaloid $90~mg/du$",9803,III,Y,"Codeine with papaverine or noscapine"
"Codeine combination product $90~mg/du$",9804,III,Y,"Empirin, Fiorinal, Tylenol, ASA or APAP w/codeine"
"Codeine methylbromide",9070,1,Y,""
"Codeine preparations - 200 mg/(100 ml or 100 gm)",,V,Y,"Cosanyl, Robitussin A-C, Cheracol, Cerose, Pediacof"
"Codeine-N-oxide",9053,1,Y,""
"CP47,497 -(5-(1,1-Dimethylheptyl)-2-[(1R,3S)-3- hydroxycyclohexy]-phenol)",7297,,N,"CP-47,497"
"CP-47,497 C8 Homologue (5-(1,1-Dimethyloctyl)-2- [(1R,3S)3-hydroxycyclohexyl]-phenol)",7298,,N,"CP-47,497 C8 Homologue"
"Crotonyl fentanyl ((E)-N-(1-phenethylpiperidin-4-yl)-N- phenylbut-2-enamide)",9844,1,Y,""
"CUMYL-PEGACLONE (5-pentyl-2-(2-phenylpropan-2- yl)pyrido[4,3-b]indol-1-one)",7093,1,N,"CUMYL-PEGACLONE; SGT-151"
"Cyclopentyl fentanyl",9847,1,Y,"N-(1-phenethylpiperidin-4-yl)-N- phenylcyclopentanecarboxamide"
"Cyclopropyl Fentanyl",9845,1,Y,"N-(1-phenethylpiperidin-4-yl)-N- phenylcyclopropanecarboxamide"
"Cyprenorphine",9054,,Y,""
"Daridorexant ([(S)-2-(5-chloro-4-methyl- 1H benzo[d]imidazol-2-yl)-2methylpyrrolidin-1-yl](5- methoxy-2-(2H-1,2,3-triazol-2-yl)phenyl)methanone)",2410,IV,N,"QUVIVIQ"
"Dehydrochloromethyltestosterone (4-chloro-17ẞ- hydroxy-17a-methyl-androst-1,4-dien-3-one)",4000,III,N,"Oral-Turinabol"
"Delorazepam",2754,IV,N,""
"Desomorphine",9055,1,Y,""
"Desoxymethyltestosterone (17a-methyl-5a-androst-2- en-17ẞ-ol)",4000,,N,"Mado!"
"Dextromoramide",9613,1,Y,"Palfium, Jetrium, Narcolo"
"Dextropropoxyphene dosage forms",9278,IV,Y,"Darvon, propoxyphene, Darvocet, Propacet"
"Dextropropoxyphene, bulk (non-dosage forms)",9273,,Y,"Propoxyphene"
"Diampromide",9615,,Y,"(Positional Isomer: N-Methyl-N-isopropyltryptamine (MIPT))"
"Diazepam",2765,IV,N,"Valium, Diastat"
"Dichloralphenazone",2467,IV,N,"Midrin, dichloralantipyrine"
"Diclazepam (7-chloro-5-(2-chloro-5-(2-chlorophenyl)-1- methyl-1,3-dihydro-2H-benzo[e][1,4]diazepin-2-one)",2789,,N,""
"Diethylpropion",1610,IV,N,"Tenuate, Tepanil"
"Diethylthiambutene",9616,1,Y,""
"Diethyltryptamine",7434,1,N,"DET, N,N-Diethyltryptamine"
"Difenoxin",9168,1,Y,"Lyspafen"
"Difenoxin $1~mg/25$ ug AtSO4/du",9167,IV,Y,"Motofen"
"Difenoxin preparations $-0.5~mg/25$ ug AtSO4/du",,V,Y,"Motofen"
"Dihydrocodeine",9120,,Y,"Didrate, Parzone"
"Dihydrocodeine combination product $90~mg/du$",9807,III,Y,"SynalgosDC-, Compal"
"Dihydrocodeine preparations 100mg/(100 ml or 100 gm)",,V,Y,"Cophene-S, various others"
"Dihydroetorphine",9334,II,Y,"DHE"
"Dihydromorphine",9145,,Y,""
"Dimenoxadol",9617,1,Y,""
"Dimepheptanol",9618,1,Y,""
"Dimethylthiambutene",9619,1,Y,""
"Dimethyltryptamine",7435,,N,"DMT"
"Dioxaphetyl butyrate",9621,1,Y,""
"Diphenoxylate",9170,,Y,"Lomotil, Logen"
"Diphenoxylate preparations $2.5~mg/25$ ug AtSO4",,V,Y,""
"Dipipanone",9622,1,Y,"Dipipan, phenylpiperone HCI, Diconal, Wellconal"
"Dronabinol (synthetic) in sesame oil in soft gelatin capsule as approved by FDA",7369,,N,"Marinol, synthetic THC in sesame oil/soft gelatin as approved by FDA"
"Dronabinol in an oral solution in a drug product approved for marketing by the U.S. Food and Drug Administration",7365,II,N,"Syndros"
"Drostanolone (17ẞ-hydroxy-2a-methyl-50-androstan-3- one)",4000,,N,"Drolban, Masterid, Permastril"
"Drotebanol",9335,,Y,"Metebanyl, oxymethebanol"
"Ecgonine",9180,II,Y,"Cocaine precursor, in Coca leaves"
"Eluxadoline",9725,IV,N,"VIBERZI"
"Embutramide",2020,III,N,"Tributane"
"Estazolam",2756,IV,N,"ProSom, Domnamid, Eurodin, Nuctalon"
"Estra-4,9,11-triene-3,17-dione",4000,III,N,""
"Ethchlorvynol",2540,IV,N,"Placidyl"
"Ethinamate",2545,IV,N,"Valmid, Valamin"
"Ethyl 2-(1-(5-fluoropentyl)-1H-indazole-3-carboxamido)- 3,3-dimethylbutanoate",7036,1,N,"5F-EDMB-PINACA"
"Ethyl loflazepate",2758,IV,N,""
"Ethylestrenol (17a-ethyl-17ẞ-hydroxyestr4--ene)",4000,,N,"Maxibolin, Orabolin, Durabolin-O, Duraboral"
"Ethylmethylthiambutene",9623,I,Y,""
"Ethylmorphine",9190,II,Y,"Dionin"
"Ethylmorphine combination product $15~mg/du$",9808,III,Y,""
"Ethylmorphine preparations $100~mg/(100~m$ or 100 gm)",,V,Y,""
"Ethylone",7547,,N,"1-(1,3-benzodioxol-5-yl)-2-(ethylamino)propan-1-one; 3,4-methylenedioxy-N-ethylcathinone; bk-MDEA; MDEC"
"Ethylphenidate (ethyl 2-phenyl-2-(piperidin-2-yl)acetate)",1727,,N,""
"Etizolam (4-(2-chlorophenyl)-2-ethyl-9-methyl-6H- thieno[3,2-f][1,2,4]triazolo[4,3-a][1,4]diazepine)",2780,1,N,""
"Etodesnitazene; etazene (2-(2-(4-ethoxybenzyl)-1H- benzimidazol-1-yl)-N,N-diethylethan-1-amine)",9765,1,Y,""
"Etonitazene",9624,I,Y,""
"Etorphine (except HCI)",9056,I,Y,""
"Etorphine HCI",9059,II,Y,"M 99"
"Etoxeridine",9625,1,Y,""
"Eutylone",7549,,N,"1-(1,3-benzodioxol-5-yl)-2-(ethylamino)butan-1-one, bk-EBDB"
"Ezogabine",2779,V,N,"Potiga"
"Fencamfamin",1760,IV,N,"Reactivan"
"Fenethylline",1503,I,N,"Captagon, amfetyline, ethyltheophylline amphetamine"
"Fenproporex",1575,IV,N,"Gacilin, Solvolip"
"Fentanyl carbamate (ethyl (1-phenethylpiperidin-4- yl)(phenyl)carbamate)",9801,I,Y,""
"Fentanyl",9851,II,Y,"Duragesic, Oralet, Actiq, Sublimaze, Innovar"
"Fentanyl-related substances as defined in 21 CFR 1308.11(h)",9850,,Y,""
"Flualprazolam (8-chloro-6-(2-fluorophenyl)-1-methyl-4H- benzo[f][1,2,4]triazolo [4,3-a][1,4]diazepine)",2785,1,N,""
"Flubromazolam (8-bromo-6-(2-fluorophenyl)-1-methyl- 4Hbenzo-[f][1,2,4]triazolo [4,3-a][1,4]diazepine)",2788,,N,"8-bromo-6-(2-fluorophenyl)-1-methyl-4H- [1,2,4]triazolo[4,3-a] [1,4]benzodiazepine"
"Fludiazepam",2759,IV,N,""
"Flunitazene (N,N-diethyl-2-(2-(4-fluorobenzyl)-5-nitro- 1H-benzimidazol-1-yl)ethan-1-amine)",9756,1,Y,""
"Flunitrazepam",2763,IV,N,"Rohypnol, Narcozep, Darkene, Roipnol"
"Fluoxymesterone (9-fluoro-17a-methyl-118.17ẞ- dihydroxyandrost-4-en-3-one)",4000,III,N,"Anadroid-F, Halotestin, Ora-Testryl"
"Flurazepam",2767,IV,N,"Dalmane"
"Formebolone (2-formyl-17a-methyl-11a, 17ẞ- dihydroxyandrost-1,4-dien-3-one)",4000,,N,"Esiclene, Hubernol"
"Fospropofol",2138,IV,N,"Lusedra"
"Furanyl fentanyl (N-(1-phenethylpiperidin-4-yl)-N- phenylfuran-2-carboxamide)",9834,,Y,""
"furazabol (170-methyl-17ẞ-hydroxyandrostano[2,3-c]- furazan)",4000,,N,"Frazalon, Miotolon, Qu Zhi Shu"
"Furethidine",9626,,Y,""
"Gamma Hydroxybutyric Acid",2010,,N,"GHB, gamma hydroxybutyrate, sodium oxybate"
"Gamma Hydroxybutyric Acid preparations",2012,III,N,"Xyrem"
"Ganaxolone (3a-hydroxy-3ẞ-methyl-5a- pregnan-20-one)",2401,V,N,""
"Glutethimide",2550,,N,"Doriden, Dorimide"
"Halazepam",2762,IV,N,"Paxipam"
"Haloxazolam",2771,IV,N,""
"Heroin",9200,I,Y,"Diacetylmorphine, diamorphine"
"Hydrocodone",9193,II,Y,"dihydrocodeinone"
"Hydromorphinol",9301,I,Y,""
"Hydromorphone",9150,II,Y,"Dilaudid, dihydromorphinone"
"Hydroxypethidine",9627,,Y,""
"Ibogaine",7260,,N,"Constituent of ""Tabernanthe iboga"" plant"
"Isobutyryl fentanyl",9827,1,Y,"N-(1-phenethylpiperidin-4-yl)-N-phenylisobutyramide"
"Isomethadone",9226,II,Y,"Isoamidone"
"Isotonitazene (N,N-diethyl-2-(2-(4 isopropoxybenzyl)-5- nitro-1H-benzimidazol-1-yl)ethan-1-amine)",9614,1,Y,"N.Ndiethyl--2-[4-[(1-methylethoxy)phenyl]methyl]-5- nitro-1H-benzimidazole-1-ethanamine"
"Isovaleryl fentanyl (3-methyl-N-(1-phenethylpiperidin-4- yl)-N-phenylbutanamide)",9862,,Y,""
"JWH-018 (also known as AM678) (1-Pentyl-3-(1- naphthoyl)indole)",7118,1,N,"JWH-018 and AM-678"
"JWH-019 (1-Hexyl-3-(1-naphthoyl)indole)",7019,,N,"JWH-019"
"JWH-073 (1-Butyl-3-(1-naphthoyl)indole)",7173,1,N,"JWH-073"
"JWH-081 (1-Pentyl-3-(1-(4-methoxynaphthoyl)indole))",7081,1,N,"JWH-081"
"JWH122 -(1-Pentyl-3-(4-methyl-1-naphthoyl)indole)",7122,1,N,"JWH-122"
"JWH-200 (1-[2-(4-Morpholinyl)ethyl]-3-(1- naphthoyl)indole)",7200,,N,"JWH-200"
"JWH-203 (1-Pentyl-3-(2-chlorophenylacetyl)indole)",7203,1,N,"JWH-203"
"JWH-250 (1-Pentyl-3-(2-methoxyphenylacetyl)indole)",6250,1,N,"JWH-250"
"JWH-398 (1-Pentyl-3-(4-chloro-1-naphthoy!)indole)",7398,,N,"JWH-398"
"Ketamine",7285,III,N,"Ketaset, Ketalar, Special K, K"
"Ketazolam",2772,IV,N,"Anxon, Loftran, Solatran, Contamex"
"Ketobemidone",9628,,Y,"Cliradon"
"Lacosamide",2746,V,N,"Vimpat"
"Lasmiditan [2,4,6-trifluoro-N-(6-(1-methylpiperidine-4- carbonyl)pyridine-2-yl-benzamide]",2790,V,N,"Reyvow"
"Lemborexant",2245,IV,N,"(1R,2S)-2-[(2,4-dimethylpyrimidin-5-yl)oxymethyl]-2- (3-fluorophenyl)-N-(5-fluoropyridin-2-yl)cyclopropane- 1-carboxamide"
"Levo-alphacetylmethadol",9648,II,Y,"LAAM, long acting methadone, levomethadyl acetate"
"Levomethorphan",9210,II,Y,""
"Levomoramide",9629,1,Y,""
"Levophenacylmorphan",9631,1,Y,""
"Levorphanol",9220,II,Y,"Levo-Dromoran"
"Lisdexamfetamine",1205,II,N,"Vyvanse"
"Loprazolam",2773,IV,N,""
"Lorazepam",2885,IV,N,"Ativan"
"Lorcaserin",1625,IV,N,"Belviq"
"Lormetazepam",2774,IV,N,"Noctamid"
"Lysergic acid",7300,,N,"LSD precursor"
"Lysergic acid amide",7310,,N,"LSD precursor"
"Lysergic acid diethylamide",7315,,N,"LSD, lysergide"
"MAB-CHMINACA (N-(1-amino-3,3dimethyl-1-oxobutan- 2-yl)-1-(cyclohexylmethyl)-1H-indazole-3-carboxamide)",7032,1,N,"MAB-CHMINACA and ADB-CHMINACA"
"Marihuana",7360,,N,"Cannabis, marijuana"
"Marihuana Extract",7350,1,N,""
"Mazindol",1605,IV,N,"Sanorex, Mazanor"
"MDMB-4en-PINACA (methyl 3,3-dimethyl-2-(1-(pent-4- en-1-yl)-1H-indazole-3-carboxamido)butanoate)",7090,1,N,"MDMB-4en-PINACA"
"MDMB-CHMICA, MMB-CHMINACA (Methyl 2-(1- (cyclohexylmethyl)-1H-indole-3-carboxamido)-3,3- dimethylbutanoate)",7042,,N,"MDMB-CHMICA, MMB-CHMINACA"
"MDMB-FUBINACA (Methyl 2-(1-(4-fluorobenzyl)-1H- indazole-3-carboxamido)-3,3-dimethylbutanoate)",7020,,N,"MDMB-FUBINACA (Positional Isomer: EMB-FUBINACA)"
"MDPV (3,4-Methylenedioxypyrovalerone)",7535,,N,"MDPV (Positional Isomers: 1-(1,3-benzodioxol-5-yl)-2- (cyclohexylamino)propan-1-one(n-cyclohexyl methylone or 3,4-methylenedioxy-a- cyclohexylaminopropiophenone); 1-(1,3-benzodioxol- 4-yl)-2-(pyrrolidin-1-yl)pentan-1-one (2,3- methylenedioxy pyrovalerone)"
"Mebutamate",2800,IV,N,"Capla"
"Mecloqualone",2572,1,N,"Nubarene"
"Medazepam",2836,IV,N,"Nobrium"
"Mefenorex",1580,IV,N,"Anorexic, Amexate, Doracil, Pondinil"
"Meperidine",9230,II,Y,"Demerol, Mepergan, pethidine"
"Meperidine intermediate-A",9232,II,Y,"Meperidine precursor"
"Meperidine intermediate-B",9233,II,Y,"Meperidine precursor, normeperidine"
"Meperidine intermediate-C",9234,,Y,"Meperidine precursor"
"Mephedrone (4-Methyl-N-methylcathinone)",1248,,N,"4-MMC (Positional Isomers: Buphedrone, Ethcathinone, N,N- Dimethyl-cathinone)"
"Meprobamate",2820,IV,N,"Miltown, Equanil, Micrainin, Equagesic, Meprospan"
"Mescaline",7381,1,N,"Constituent of ""Peyote"" cacti"
"Mesocarb (N-phenyl-N'-(3-(1-phenylpropan-2-yl)-1,2,3- oxadiazol-3-ium-5-yl)carbamimidate)",1227,,N,""
"Mestanolone (17a-methyl-17ẞ-hydroxy-50-androstan-3- one)",4000,III,N,"Assimil, Ermalone, Methybol, Tantarone"
"Mesterolone (1a-methyl-17ẞ-hydroxy-5a-androstan-3- one)",4000,,N,"Androviron, Proviron, Testiwop"
"meta-Fluorofentanyl (N-(3-fluorophenyl)-N-(1- phenethylpiperidin-4-yl)propionamide)",9857,1,Y,""
"Meta-fluorofuranyl fentanyl",9871,1,Y,"N-(3-fluorophenyl)-N-(1-phenethylpiperidin-4-yl)furan- 2-carboxamide"
"meta-Fluorofuranyl fentanyl (N-(3-fluorophenyl)-N-(1- phenethylpiperidin-4-yl)furan-2-carboxamide)",9871,1,Y,""
"meta-Fluoroisobutyryl fentanyl (N-(3-fluorophenyl)-N-(1- phenethylpiperidin-4-yl)isobutyramide)",9858,,Y,""
"Metazocine",9240,II,Y,""
"Methadone",9250,II,Y,"Dolophine, Methadose, Amidone"
"Methadone intermediate (4-cyano-2-dimethylamino-4,4- diphenylbutane)",9254,II,Y,"Methadone precursor"
"Methamphetamine",1105,II,N,"Desoxyn, D-desoxyephedrine, ICE, Crank, Speed"
"Methandienone (17a-methyl-17ẞ-hydroxyandrost-1,4- dien-3-one)",4000,III,N,"Dianabol, Metabolina, Nerobol, Perbolin"
"Methandriol (17a-methyl-3ẞ, 17ẞ-dihydroxyandrost-5- ene)",4000,II,N,"Sinesex, Stenediol, Troformone"
"Methaqualone",2565,,N,"Quaalude, Parest, Somnafac, Opitimil, Mandrax"
"Methasterone (2a, 17a-dimethyl-5a-androstan-17ẞ-ol-3- one)",4000,,N,"Methasterone; 2a, 17a-dimethyl-17ẞ-hydroxy-5a- androstan-3-one"
"Methcathinone",1237,1,N,"NMethylcathinone-, ""cat"""
"Methenolone (1-methyl-17ẞ-hydroxy-5a-androst-1-en-3- one)",4000,,N,"Primobolan, Primobolan Depot, Primobolan S"
"Methiopropamine (N-methyl-1-(thiophen-2-yl)propan-2- amine)",1478,1,N,""
"Methohexital",2264,IV,N,"Brevital"
"Methyl 2-(1-(4-fluorobenzyl)-1H-indazole-3- carboxamido)-3-methylbutanoate",7021,1,N,"FUB-AMB, MMB-FUBINACA, AMB-FUBINACA"
"Methyl 2-(1-(5-fluoropentyl)-1H-indole-3-carboxamido)- 3,3dimethylbutanoate-",7041,1,N,"5F-MDMB-PICA or 5-fluoro-EMB- (Positional Isomer: 5F-EMB-PICA PICA)"
"Methyldesorphine",9302,1,Y,""
"Methyldienolone (17a-methyl-17ẞ-hydroxyestra-4,9(10)- dien-3-one)",4000,III,N,""
"Methyldihydromorphine",9304,1,Y,""
"Methylone (3,4-Methylenedioxy-N-methylcathinone)",7540,1,N,"(Positional Isomer: 2,3- methylenedioxymethcathinone (2,3-MDMC, 1- (benzo[d][1,3]dioxol-4-yl)-2-(methylamino)propan-1- one))"
"Methylphenidate",1724,II,N,"Concerta, Ritalin, Methylin"
"Methylphenobarbital (mephobarbital)",2250,IV,N,"Mebaral, mephobarbital"
"Methyltestosterone (17a-methyl-17ẞ-hydroxyandrost-4- en-3-one)",4000,,N,"Android, Oreton, Testred, Virilon"
"Methyltrienolone (17a-methyl-17ẞ-hydroxyestra-4,9,11- trien-3-one)",4000,,N,"Metribolone"
"Methyprylon",2575,III,N,"Noludar"
"Metodesnitazene (N,N-diethyl-2-(2-(4-methoxybenzyl)- 1H-benzimidazol-1-yl)ethan-1-amine)",9764,1,Y,""
"Metonitazene (N,N-diethyl-2-(2-(4-methoxybenzyl)-5- nitro-1Hbenzimidazol--1-yl)ethan-1-amine)",9757,1,Y,""
"Metopon",9260,,Y,""
"Mibolerone (7a, 17a-dimethyl-17ẞ-hydroxyestr-4-en-3- one)",4000,III,N,"Cheque, Matenon"
"Midazolam",2884,IV,N,"Versed"
"MMB-CHMICA, AMB-CHMICA (methyl 2-(1- (cyclohexylmethyl)-1 H-indole-3-carboxamido)-3- methylbutanoate)",7044,1,N,""
"MMB-FUBICA (methyl 2-(1-(4-fluorobenzyl)-1H-indole- 3-carboxamido)-3-methyl butanoate)",7095,,N,"MMB-FUBICA"
"Modafinil",1680,IV,N,"Provigil"
"Moramide-intermediate",9802,II,Y,""
"Morpheridine",9632,,Y,""
"Morphine",9300,II,Y,"MS Contin, Roxanol, Oramorph, RMS, MSIR"
"Morphine combination product/50 mg/(100 ml or 100 gm)",9810,III,Y,""
"Morphine methylbromide",9305,,Y,""
"Morphine methylsulfonate",9306,,Y,""
"Morphine-N-oxide",9307,,Y,""
"MT-45 (1-cyclohexyl-4-(1,2-diphenylethyl)piperazine)",9560,,Y,"MT-45"
"Myrophine",9308,,Y,""
"N-(1-phenethylpiperidin-4-yl)-N-phenyltetrahydrofuran- 2-carboxamide",9843,1,Y,"Tetrahydrofuranyl fentanyl"
"N-(2-fluorophenyl)-N-(1-phenethylpiperidin-4- yl)propionamide",9816,,Y,"Ortho-fluorofentanyl or 2-fluorofentanyl"
"N-(Adamantan1--yl)-1-(4-fluorobenzyl)-1H-indazole-3- carboxamide",7047,1,N,"FUB-AKB48; FUB-APINACA; AKB48 N-(4- FLUOROBENZYL)"
"N,N-Dimethylamphetamine",1480,1,N,""
"Nabilone",7379,,N,"Cesamet"
"Nalorphine",9400,,Y,"Nalline"
"Nandrolone (17ẞ-hydroxyestr-4-en-3-one)",4000,,N,"Deca-Durabolin, Durabolin, Durabolin-50"
"Naphyrone",1258,1,N,"naphthylpyrovalerone; 1-(naphthalen-2-yl)-2- (pyrrolidin-1-yl)pentan-1-one (Positional Isomer: a-naphyrone)"
"N-Benzylpiperazine",7493,,N,"BZP, 1-benzylpiperazine"
"Ndesethyl -isotonitazene (N-ethyl-2-(2-(4- isopropoxylbenzyl)-5-nitro-1H-benzimidazol-1-yl)ethan- 1-amin)",9760,,Y,""
"N-Ethyl1--phenylcyclohexylamine",7455,,N,"PCE"
"N-Ethyl-2-(5-nitro-2-(4-propoxybenzyl)-1H-benzimidazol- 1-yl)ethan-1-amine",9769,,Y,"N-Desethyl protonitazene"
"N-Ethyl-3-piperidyl benzilate",7482,,N,"JB 323"
"N-Ethylamphetamine",1475,1,N,"NEA"
"Nethylhexedrone-",7246,1,N,"a-ethylaminohexanophenone; 2-(ethylamino)-1- phenylhexan-1-one"
"N-Ethylpentylone (1-(1,3-benzodioxol-5-yl)-2- (ethylamino)-pentan-1-one)",7543,1,N,"Ephylone (Positional Isomers: 3,4-methylenedioxy-a- propylaminobutiophenone)"
"N-Hydroxy-3,4-methylenedioxyamphetamine",7402,,N,"N-hydroxy MDA"
"Nicocodeine",9309,,Y,""
"Nicomorphine",9312,,Y,"Vilan"
"Nimetazepam",2837,IV,N,"Erimin"
"Nitrazepam",2834,IV,N,"Mogadon"
"NM2201; CBL2201 (Naphthalen-1-yl 1-(5-fluoropentyl)- 1 H-indole-3-carboxylate)",7221,,N,""
"NMethyl--3-piperidyl benzilate",7484,1,N,"JB 336"
"Noracymethadol",9633,1,Y,""
"Norbolethone (13ẞ,17a-diethyl-17ẞ-hydroxygon-4-en-3- one)",4000,III,N,"Genabol"
"Norclostebol (4-chloro-17ẞ-hydroxyestr-4-en-3-one)",4000,III,N,"Anabol-4-19, Lentabol"
"Nordiazepam",2838,IV,N,"Nordazepam, Demadar, Madar"
"Norethandrolone (17a-ethyl-17ẞ-hydroxyestr-4-en-3- one)",4000,III,N,"Nilevar, Pronabol, Solevar"
"Norfentanyl (N-phenyl-N-(piperidin-4-yl)propionamide)",8366,,Y,""
"Norlevorphanol",9634,1,Y,""
"Normethadone",9635,1,Y,"Phenyldimazone"
"Normethandrolone (17a-methyl-17ẞ-hydroxyestr-4-en- 3-one)",4000,III,N,"Lutenin, Matronal, Orgasteron"
"Normorphine",9313,1,Y,""
"Noroxymorphone",9668,II,Y,""
"Norpipanone",9636,1,Y,""
"N-piperidinyl etonitazene (2-(4-ethoxybenzyl)-5-nitro-1- (2-(piperidin-1-yl)ethyl-1H-benzimidazole)",9761,1,Y,"etonitazepipne"
"N-pyrrolidino etonitazene (2-(4-ethoxybenzyl)-5-nitro-1- (2-(pyrrolidin-1-yl)ethyl)-1H-benzimidazole)",9758,,Y,"etonitazepyne"
"Ocfentanil",9838,,Y,"N-(2-fluorophenyl)-2-methoxy-N-(1- phenethylpiperidin-4-yl)acetamide"
"Oliceridine (N-[(3-methoxythiophen-2-yl)methyl] ({2- [(9R)-9-(pyridin-2-yl)-6-oxaspiro [4.5]decan-9- yl]ethyl{time} )amine fumarate)",9245,II,Y,""
"Opium combination product $25~mg/du$",9809,III,Y,"Paregoric, other combination products"
"Opium extracts",9610,II,Y,""
"Opium fluid extract",9620,II,Y,""
"Opium poppy",9650,II,Y,"Papaver somniferum"
"Opium preparations - 100 mg/(100 ml or 100 gm)",,V,Y,"Parepectolin, Kapectolin PG, Kaolin Pectin P.G."
"Opium tincture",9630,,Y,"Laudanum"
"Opium, granulated",9640,,Y,"Granulated opium"
"Opium, powdered",9639,,Y,"Powdered opium"
"Opium, raw",9600,,Y,"Raw opium, gum opium"
"Oripavine",9330,,Y,""
"Ortho-chlorofentanyl",9828,1,Y,"N-(2-chlorophenyl)-N-(1-phenethylpiperidin-4- yl)propionamide"
"ortho-Chlorofentanyl (N-(2-chlorophenyl)-N-(1- phenethylpiperidin-4-yl)propionamide)",9828,1,Y,""
"Oxymorphone",9652,,Y,"Numorphan"
"ortho-Fluoroacryl fentanyl (N-(2fluorophenyl-)-N-(1- phenethylpiperidin-4-yl)acrylamide)",9852,I,Y,""
"ortho-Fluorobutyryl fentanyl (N-(2fluorophenyl-)-N-(1- phenethylpiperidin-4-yl)butyramide; also known as 2- fluorobutyryl fentanyl)",9846,1,Y,""
"ortho-Fluorofuranyl fentanyl (N-(2-fluorophenyl)-N-(1- phenethylpiperidin-4-yl)furan-2-carboxamide)",9863,,Y,""
"ortho-Fluoroisobutyryl fentanyl (N-(2-fluorophenyl)-N-(1- phenethylpiperidin-4-yl)isobutyramide)",9853,1,Y,""
"ortho-Methyl acetylfentanyl (N-(2-methylphenyl)-N-(1- phenethylpiperidin-4-yl)acetamide; also known as 2- methyl acetylfentanyl)",9848,,Y,""
"ortho-Methyl methoxyacetyl fentanyl (2-methoxy-N-(2- methylphenyl)-N-(1-phenethylpiperidin-4-yl)acetamide)",9820,1,Y,"2-methyl methoxyacetyl fentanyl"
"Ortho-methylcyclopropyl fentanyl",9849,,Y,"N-(2methylphenyl-)-N-(1-phenethylpiperidin-4- yl)cyclopropanecarboxamide"
"ortho-Methylcyclopropylfentanyl (N-(2-methylphenyl)-N- (1-phenethylpiperidin-4-yl)cyclopropanecarboxamide)",9849,,Y,""
"Oxandrolone (17a-methyl-17ẞ-hydroxy-2-oxa-50- androstan-3-one)",4000,,N,"Anavar, Lonavar, Oxandrin, Provitar, Vasorome"
"Oxazepam",2835,IV,N,"Serax, Serenid-D"
"Oxazolam",2839,IV,N,"Serenal, Convertal"
"Oxycodone",9143,II,Y,"OxyContin, Percocet, Endocet, Roxicodone, Roxicet,"
"Oxymesterone (17a-methyl-4,17ẞ-dihydroxyandrost-4- en-3-one)",4000,III,N,"Anamidol, Balnimax, Oranabol, Oranabol 10"
"Oxymetholone (17a-methyl-2-hydroxymethylene-17ẞ- hydroxy-5a-androstan-3-one)",4000,III,N,"Anadrol-50, Adroyd, Anapolon, Anasteron, Pardroyd"
"Para-chlorofentanyl",9818,1,Y,"N-(4-chlorophenyl)-N-(1-phenethylpiperidin-4- yl)propionamide"
"para-Chlorofentanyl (N-(4-chlorophenyl)-N-(1- phenethylpiperidin-4-yl)propionamide)",9818,1,Y,""
"Para-chloroisobutyryl fentanyl",9826,1,Y,"N-(4-chlorophenyl)-N-(1-phenethylpiperidin4-- yl)isobutyramide"
"Para-Fluoro furanyl fentanyl (N-(4-fluorophenyl)-N-(1- phenethylpiperidin-4-yl)furan-2-carboxamide)",9854,,Y,"N-(4-fluorophenyl)-N-(1-phenethylpiperidin-4- yl)pentanamide"
"Para-fluoro valeryl fentanyl",9870,1,Y,""
"para-Fluoro valeryl fentanyl (N-(4-fluorophenyl)-N-(1- phenethylpiperidin-4-yl)pentanamide)",9870,,Y,""
"Para-fluorobutyryl fentanyl",9823,1,Y,"N-4(-fluorophenyl)-N-(1-phenethylpiperidin-4- yl)butyramide"
"Para-Fluorofentanyl",9812,,Y,"China White, fentanyl"
"Parahexyl",7374,,N,"Synhexyl"
"Paraldehyde",2585,IV,N,"Paral"
"Para-methoxybutyryl fentanyl",9837,1,Y,"N-(4-methoxyphenyl)-N-(1-phenethylpiperidin-4- yl)butyramide"
"para-Methoxyfuranyl fentanyl (N-(4-methoxyphenyl)-N- (1-phenethylpiperidin-4-yl)furan-2-carboxamide)",9859,1,Y,""
"Para-Methoxymethamphetamine (PMMA), 1-(4- methoxyphenyl)-N-methylpropan-2-amine",1245,1,N,""
"para-Methylcyclopropylfentanyl (N-(4-methylphenyl)-N- (1-phenethylpiperidin-4-yl)cyclopropanecarboxamide)",9865,1,Y,""
"Para-Methylfentanyl (N-(4-methylphenyl)-N-(1- phenethylpiperidin-4-yl)propionamide; also known as 4- methylfentanyl)",9817,,Y,""
"PB-22 (Quinolin-8-yl 1-pentyl-1H-indole-3-carboxylate)",7222,1,N,"QUPIC: PB-22"
"Pemoline",1530,IV,N,"Cylert"
"Pentazocine",9709,IV,N,"Talwin, Talwin NX, Talacen, Talwin Compound"
"Pentedrone (a-methylaminovalerophenone)",1246,,N,"2-(methylamino)-1-phenylpentan-1-one (Positional Isomers: 3-methylethcathinone (3-MEC), 4-ethylmethcathinone (4-EMC), 4-methylbuphedrone (4-MeMABP:4-MeBP), 3,4-dimethylmethcathinone (3,4-DMMC), N-ethylbuphedrone (NEB), N-ethyl-N- methylcathinone(EMC))"
"Pentobarbital",2270,II,N,"Nembutal"
"Pentobarbital & noncontrolled active ingred.",2271,III,N,"FP-3"
"Pentobarbital suppository dosage form",2271,,N,"WANS"
"Pentylone",7542,1,N,"bk-MBDP; 1-(1,3-benzodioxol-5-yl)-2- (methylamino)pentan-1-one (Positional Isomers: dibutylone (bk-DMBDB) and propylone (3',4'-methylenedioxy-N- propylaminocathinone: 1-(benzo[d] [1,3]dioxol-5-yl)-2- (propylamino)propan-1-one); 2,3-methylenedioxy-a- ethylaminobutiophenone)"
"Perampanel",2261,III,N,"Fycompa, [2-(2-oxo-l-phenyl- 5-pyridin-2-yl-1,2-dihydropyridin-3-yl) benzonitrile ]"
"Petrichloral",2591,IV,N,"Pentaerythritol chloral, Periclor"
"Peyote",7415,,N,"Cactus which contains mescaline"
"Phenadoxone",9637,,Y,""
"Phenampromide",9638,,Y,""
"Phenazocine",9715,II,Y,"Narphen, Prinadol"
"Phencyclidine",7471,,N,"PCP, Sernylan"
"Phendimetrazine",1615,,N,"Plegine, Prelu-2, Bontril, Melfiat, Statobex"
"Phenmetrazine",1631,,N,"Preludin"
"Phenobarbital",2285,IV,N,"Luminal, Bellergal-S"
"Phenomorphan",9647,1,Y,""
"Phenoperidine",9641,1,Y,"Operidine, Lealgin"
"Phenylacetone",8501,,N,"P2P, phenyl-2-propanone, benzyl methyl ketone"
"Phentermine",1640,IV,N,"lonamin, Fastin, Adipex-P, Obe-Nix, Zantryl"
"Phenyl fentanyl (N-(1-phenethylpiperidin-4-yl)-N- phenylbenzamide; also known as benzoyl fentanyl)",9841,,Y,""
"Pholcodine",9314,,Y,"Copholco, Adaphol, Codisol, Lantuss, Pholcolin"
"Piminodine",9730,,Y,""
"Pinazepam",2883,IV,N,"Domar"
"Pipradrol",1750,IV,N,"Detaril, Stimolag Fortis"
"Piritramide",9642,,Y,"Piridolan"
"Poppy Straw",9650,,Y,"Opium poppy capsules, poppy heads"
"Poppy Straw Concentrate",9670,II,Y,"Concentrate of Poppy Straw, CPS"
"Prazepam",2764,IV,N,"Centrax"
"Pregabalin",2782,V,N,"Lyrica"
"Proheptazine",9643,1,Y,"Algeril"
"Properidine",9644,1,Y,""
"Propiram",9649,1,Y,""
"Prostanozol (17ẞ-hydroxy-50-androstano[3,2- c pyrazole)",4000,,N,"Prostanozol; [3,2-c]pyrazole-50-androstan-17ẞ-ol"
"Protonitazene (N,N-diethyl-2-(5-nitro-2-(4- propoxybenzyl)-1H-benzimidazol-1-yl)ethan-1-amine)",9759,,Y,""
"Psilocybin",7437,1,N,"Constituent of ""Magic mushrooms"""
"Psilocyn",7438,1,N,"Psilocin, constituent of ""Magic mushrooms"" (Positional Isomers: 6-hydroxy DMT; 7-hydroxy DMT)"
"Pyrovalerone",1485,V,N,"Centroton, Thymergix"
"Quazepam",2881,IV,N,"Doral"
"Racemethorphan",9732,II,Y,""
"Racemoramide",9645,,Y,""
"Racemorphan",9733,II,Y,"Dromoran"
"Remifentanil",9739,II,Y,"Ultiva"
"Remimazolam (4H-imidazol[1,2-a][1,4]benzodiazepine- 4-propionic acid)",2846,IV,N,"8bromo--1-methyl-6-(2-pyridinyl)-(4S)-methyl ester, benzenesulfonate (1:1) and also, methyl 3-[(4S)-8- bromo-1-methyl-6-pyridin-2-yl-4H-imidazo[1,2- a][1,4]benzodiazepin- 4yl]propanoate benzenesulfonic acid"
"Secobarbital",2315,II,N,"Seconal, Tuinal"
"Secobarbital & noncontrolled active ingred",2316,,N,""
"Secobarbital suppository dosage form",2316,,N,""
"Serdexmethylphenidate",1729,IV,N,""
"Sibutramine",1675,IV,N,"Meridia"
"Solriamfetol (2-amino-3-phenylpropyl car-bamate; benzenepropanol, beta-amino-, carbamate (ester))",1650,IV,N,""
"SPA",1635,IV,N,"1-dimethylamino-1,2-diphenylethane, Lefetamine"
"SR-18 (1-Cyclohexylethyl-3-(2-methoxyphenylacetyl) indole)",7008,1,N,"SR-18 and RCS-8"
"SR19 -(1-Pentyl-3-[(4-methoxy)-benzoyl] indole)",7104,1,N,"SR-19 and RCS-4"
"Stanozolol (17a-methyl-17ẞ-hydroxy-5a-androst-2- eno[3,2-c]-pyrazole)",4000,,N,"Winstrol, Winstrol-V"
"Stenbolone (17ẞ-hydroxy-2-methyl-5a-androst-1-en-3- one)",4000,,N,""
"Stimulant compounds previously excepted",1405,,N,"Mediatric"
"Sufentanil",9740,II,Y,"Sufenta"
"Sulfondiethylmethane",2600,,N,""
"Sulfonethylmethane",2605,,N,""
"Sulfonmethane",2610,,N,""
"Suyorexant",2223,IV,N,"MK-4305, [(7R)-4-(5-chloro-1,3-benzoxazol-2-yl)-7- methyl-1,4-diazepan-1-yl][5-methyl-2-(2H-1,2,3- triazol-2-yl)phenyl]methanone"
"Talbutal",2100,,N,"Lotusate"
"Tapentadol",9780,,Y,""
"Temazepam",2925,IV,N,"Restoril"
"Testolactone (13-hydroxy-3-oxo-13,17-secoandrosta- 1,4-dien-17-oic acid lactone)",4000,,N,"Teolit, Teslac"
"Testosterone (17ẞ-hydroxyandrost-4-en-3-one)",4000,III,N,"Android-T, Androlan, Depotest, Delatestryl"
"Tetrahydrocannabinols",7370,,N,"THC, Delta-8 THC, Delta-9 THC, dronabinol and others"
"Tetrahydrogestrinone (133, 17a-diethyl-17ẞ-hydroxygon- 4,9,11-trien-3-one)",4000,III,N,"THG"
"Tetrahydrothiofuranyl fentanyl",9869,1,Y,"tetrahydrothiophene fentanyl, N-(1-phenethylpiperidin- 4-yl)-N phenyltetrahydrothiophene-2-carboxamide"
"Tetrahydrothiofuranyl fentanyl (N-(1-phenethylpiperidin- 4-yl)-N-phenyltetrahydrothiophene-2-carboxamide)",9869,1,Y,"tetrahydrothiophene fentanyl"
"Tetrazepam",2886,IV,N,"Myolastan, Musaril"
"Thebacon",9315,1,Y,"Acetylhydrocodone, Acedicon, Thebacetyl"
"Thebaine",9333,II,Y,"Precursor of many narcotics"
"Thiafentanil",9729,II,Y,"Thianil"
"Thiamylal",2100,,N,"Surital"
"Thiofentanyl",9835,1,Y,"Chine white, fentanyl"
"Thiofuranyl fentanyl (N-(1-phenethylpiperidin-4-yl)-N- phenylthiophene-2-carboxamide; also known as 2- thiofuranyl fentanyl; thiophene fentanyl)",9839,1,Y,""
"Thiopental",2100,,N,"Pentothal"
"THJ-2201 [1-(5-fluoropentyl)-1H-indazol-3- yl] (naphthalen-1-yl)methanone)",7024,,N,"THJ-2201"
"Tiletamine & Zolazepam Combination Product",7295,III,N,"Telazol"
"Tilidine",9750,1,Y,"Tilidate, Valoron, Kitadol, Lak, Tilsa"
"Tramadol (2-[(dimethylamino)methyl]-1-(3- methoxyphenyl)cyclohexanol)",9752,IV,Y,"Tramadol"
"Trenbolone (17ẞ-hydroxyestr-4,9,11-trien-3-one)",4000,III,N,"Finaplix-S, Finajet, Parabolan"
"Triazolam",2887,IV,N,"Halcion"
"Trimeperidine",9646,,Y,"Promedolum"
"U47700 -(3,4-dichloro-N-[2-(dimethylamino)cyclohexyl]- N-methylbenzamide)",9547,1,Y,"U-47700"
"UR-144 (1-Pentyl-1H-indol-3-yl) (2,2,3,3- tetramethylcyclopropyl)metanone",7144,1,N,"UR-144"
"Valeryl fentanyl",9840,1,Y,"N-(1-phenethylpiperidin-4-yl)-N-phenylpentanamide"
"Vinbarbital",2100,,N,"Delvinal, vinbarbitone"
"Zaleplon",2781,IV,N,"Sonata"
"Zipeprol (1-methoxy-3[-4-(2-methoxy-2- phenylethyl)piperazin-1-yl]-1-phenylpropan-2-ol)",9873,1,Y,""
"Zolpidem",2783,IV,N,"Ambien, Ivadal, Stilnoct, Stilnox"
"Zopiclone",2784,IV,N,"Lunesta"
"Zuranolone",2420,IV,N,"ZURZUVAE"
"a-PIHP (4methyl--1-phenyl-2-(pyrrolidin-1-yl)pentan-1- one)",7551,,N,"a-PiHP; alpha-PiHP"
"A1-Dihydrotestosterone (17ẞ-hydroxy-50-androst-1-en- 3-one)",4000,,N,"1-Testosterone"